id,first_name,last_name,email,gender,ip_address
1,Barnabas,Fellini,bfellini0@constantcontact.com,Male,2.157.36.252
2,Carlota,Falkinder,cfalkinder1@opensource.org,Female,186.26.61.79
3,Karil,Andreassen,kandreassen2@w3.org,Female,191.195.78.158
4,Lowrance,aManger,lamanger3@a8.net,Male,63.57.52.209
5,Brigitta,Kydd,bkydd4@patch.com,Female,241.223.22.251
6,Bernardine,Shelley,bshelley5@illinois.edu,Female,75.203.173.110
7,Dexter,Maddigan,dmaddigan6@utexas.edu,Male,60.85.137.113
8,Davidson,Truss,dtruss7@nih.gov,Male,86.0.147.37
9,Belicia,Guerre,bguerre8@ftc.gov,Female,201.177.77.212
10,Gage,Lethbury,glethbury9@fastcompany.com,Male,67.254.73.206
11,Bordy,Silbermann,bsilbermanna@vinaora.com,Male,159.4.16.40
12,Merrill,Soan,msoanb@stanford.edu,Female,214.186.233.160
13,Lina,Chilver,lchilverc@digg.com,Female,28.241.255.146
14,Frants,Pettifer,fpettiferd@wikispaces.com,Male,126.169.214.247
15,Rosy,MacNeill,rmacneille@ca.gov,Female,0.153.44.82
16,Ezekiel,Catlette,ecatlettef@google.es,Male,14.38.143.138
17,Robinette,Gherardelli,rgherardellig@w3.org,Female,203.62.43.108
18,Shandy,Yourell,syourellh@blinklist.com,Female,81.7.166.88
19,Durand,Windley,dwindleyi@mail.ru,Male,13.38.61.32
20,Jesus,Wadelin,jwadelinj@istockphoto.com,Male,206.119.225.123
21,Arch,Muck,amuckk@wunderground.com,Male,83.130.183.241
22,Garnet,Ianson,giansonl@usgs.gov,Female,144.232.37.207
23,Rakel,MacCallion,rmaccallionm@usa.gov,Female,248.137.161.25
24,Olvan,Wiburn,owiburnn@nsw.gov.au,Male,34.11.127.112
25,Kincaid,Spon,kspono@etsy.com,Male,117.184.235.49
26,Stanleigh,Dell'Abbate,sdellabbatep@weibo.com,Male,83.67.63.183
27,Delano,Attrill,dattrillq@seattletimes.com,Male,205.86.222.246
28,Perle,Piche,ppicher@gmpg.org,Female,202.115.146.7
29,Katheryn,Gullam,kgullams@theglobeandmail.com,Female,23.217.134.89
30,Electra,Buckell,ebuckellt@soup.io,Female,143.50.31.90
31,Dal,Webberley,dwebberleyu@ning.com,Male,114.87.15.188
32,Lula,Casel,lcaselv@a8.net,Female,242.65.211.118
33,Kristoffer,Dyshart,kdyshartw@cargocollective.com,Male,189.204.128.222
34,Wolfy,Haville,whavillex@printfriendly.com,Male,206.236.38.100
35,Kendrick,Crees,kcreesy@omniture.com,Male,69.99.162.219
36,Jerrie,Rampley,jrampleyz@columbia.edu,Male,92.76.184.21
37,Linoel,Bubear,lbubear10@diigo.com,Male,14.238.241.101
38,Madel,Dwerryhouse,mdwerryhouse11@gravatar.com,Female,114.138.118.192
39,Nichols,Hailston,nhailston12@yandex.ru,Male,13.132.77.45
40,Min,Duggan,mduggan13@hao123.com,Female,205.30.185.74
41,Ives,Sherwill,isherwill14@cdc.gov,Male,140.49.159.243
42,Farly,Maddin,fmaddin15@google.com,Male,60.161.70.40
43,Dolli,Sigart,dsigart16@wikipedia.org,Female,170.196.2.203
44,Say,Haquin,shaquin17@go.com,Male,242.55.47.121
45,Sigismondo,Gloyens,sgloyens18@t-online.de,Male,233.26.248.111
46,Giovanna,Murden,gmurden19@cornell.edu,Female,142.173.163.108
47,Ozzy,Echalier,oechalier1a@vinaora.com,Male,173.26.198.152
48,Brit,Pridmore,bpridmore1b@msu.edu,Male,178.16.63.183
49,Hailee,Ladlow,hladlow1c@samsung.com,Female,53.95.179.225
50,Sylvester,Emes,semes1d@mit.edu,Male,144.63.214.197
51,Benedict,Arnowicz,barnowicz1e@walmart.com,Male,188.67.192.189
52,Evelina,Caulwell,ecaulwell1f@networksolutions.com,Female,218.183.10.80
53,Dani,Cahill,dcahill1g@bizjournals.com,Male,112.134.106.239
54,Sile,Gaber,sgaber1h@wunderground.com,Female,157.81.89.177
55,Kellia,Zanetello,kzanetello1i@cbsnews.com,Female,164.189.40.176
56,Avivah,Bakeup,abakeup1j@digg.com,Female,121.37.243.78
57,Prent,Martyn,pmartyn1k@twitter.com,Male,100.207.130.41
58,Onida,Doorey,odoorey1l@jimdo.com,Female,100.222.191.223
59,Corine,Tudball,ctudball1m@webnode.com,Female,190.48.129.53
60,Maudie,Care,mcare1n@youtube.com,Female,166.13.240.91
61,Virgil,Poppy,vpoppy1o@utexas.edu,Male,41.167.85.142
62,Antone,Michieli,amichieli1p@weibo.com,Male,135.166.181.4
63,Oralee,MacGaughie,omacgaughie1q@slate.com,Female,248.134.205.81
64,Wileen,Ellor,wellor1r@google.nl,Female,59.254.178.133
65,Rupert,Renad,rrenad1s@ucoz.com,Male,242.67.252.251
66,Cornela,Mebius,cmebius1t@accuweather.com,Female,30.101.112.107
67,Lorettalorna,Frangleton,lfrangleton1u@discuz.net,Female,61.112.81.148
68,Matthaeus,Chestney,mchestney1v@exblog.jp,Male,134.55.247.145
69,Lavinia,Daburn,ldaburn1w@google.co.jp,Female,79.20.135.84
70,Mackenzie,Thurnham,mthurnham1x@mozilla.org,Male,112.11.149.110
71,Antin,Prichard,aprichard1y@dmoz.org,Male,37.162.174.202
72,Beltran,Corbet,bcorbet1z@php.net,Male,11.199.242.197
73,Anselm,Hornung,ahornung20@washington.edu,Male,131.235.11.17
74,Gwenny,Headland,gheadland21@i2i.jp,Female,154.148.31.40
75,Granville,Lawlance,glawlance22@artisteer.com,Male,246.167.195.174
76,Mattias,Godar,mgodar23@reference.com,Male,62.131.56.74
77,Andra,Harcourt,aharcourt24@flavors.me,Female,123.151.176.116
78,Brod,Spikins,bspikins25@ted.com,Male,28.75.66.160
79,Daron,Wimmer,dwimmer26@multiply.com,Male,50.30.225.211
80,Jeanelle,Gelly,jgelly27@smugmug.com,Female,4.200.109.239
81,Andrea,MacElholm,amacelholm28@parallels.com,Male,10.239.229.52
82,Tobit,McKissack,tmckissack29@cloudflare.com,Male,101.95.154.137
83,Opalina,Borland,oborland2a@yellowpages.com,Female,149.76.183.95
84,Anabal,Blayney,ablayney2b@bing.com,Female,88.241.8.146
85,Neville,Lantiffe,nlantiffe2c@addthis.com,Male,87.169.92.143
86,Malory,Heggadon,mheggadon2d@ustream.tv,Female,156.197.91.80
87,Delmore,Godfery,dgodfery2e@slate.com,Male,245.56.190.189
88,Barbara,Peyro,bpeyro2f@time.com,Female,166.223.193.117
89,Ardyce,Waber,awaber2g@thetimes.co.uk,Female,188.123.121.180
90,Rianon,Quant,rquant2h@hhs.gov,Female,43.228.142.104
91,Tiffany,Seldon,tseldon2i@domainmarket.com,Female,245.251.92.231
92,Bondon,Crutcher,bcrutcher2j@a8.net,Male,107.84.238.28
93,Bartel,Sinson,bsinson2k@sogou.com,Male,213.203.77.72
94,Violetta,Issitt,vissitt2l@technorati.com,Female,234.19.40.34
95,Robin,Ucceli,rucceli2m@paginegialle.it,Female,159.96.183.197
96,Vite,Hurdman,vhurdman2n@marketwatch.com,Male,101.139.196.210
97,Addie,Terrans,aterrans2o@cloudflare.com,Female,139.22.1.3
98,Nicolai,Cammiemile,ncammiemile2p@about.com,Male,48.96.177.113
99,Carlye,Corington,ccorington2q@globo.com,Female,68.129.34.147
100,Bertina,Hollingdale,bhollingdale2r@sourceforge.net,Female,93.155.40.198
101,Emmy,Tomaello,etomaello2s@opera.com,Female,63.111.1.204
102,Aurea,Gai,agai2t@fotki.com,Female,200.9.226.228
103,Flora,Pedracci,fpedracci2u@nyu.edu,Female,173.205.41.52
104,Augustine,McCandless,amccandless2v@unblog.fr,Male,66.2.139.123
105,Leese,Skakunas,lskakunas2w@addthis.com,Female,229.247.161.196
106,Anna-maria,Knibbs,aknibbs2x@google.ru,Female,100.149.58.131
107,Bernadine,Drever,bdrever2y@ftc.gov,Female,65.186.21.179
108,Teirtza,Comley,tcomley2z@cam.ac.uk,Female,93.232.118.212
109,Hilliary,Farrer,hfarrer30@devhub.com,Female,23.71.149.218
110,Selene,Umpleby,sumpleby31@reddit.com,Female,13.223.132.248
111,Emelen,Vivien,evivien32@flavors.me,Male,168.12.163.201
112,Ali,Grellis,agrellis33@lulu.com,Female,190.139.253.117
113,Andree,Barkley,abarkley34@bing.com,Female,234.169.249.46
114,Ambrosius,Spaunton,aspaunton35@earthlink.net,Male,71.113.169.253
115,Mathilda,Spikins,mspikins36@miitbeian.gov.cn,Female,114.48.127.160
116,Wait,Parmeter,wparmeter37@netvibes.com,Male,91.30.13.15
117,Josiah,Blincoe,jblincoe38@arstechnica.com,Male,34.114.46.144
118,Bernie,Krysztowczyk,bkrysztowczyk39@stanford.edu,Male,74.37.111.173
119,Julieta,Courtier,jcourtier3a@craigslist.org,Female,1.169.239.132
120,Lulita,Newbatt,lnewbatt3b@symantec.com,Female,15.31.12.1
121,Gal,Godain,ggodain3c@goodreads.com,Male,9.165.99.73
122,Gene,Jorczyk,gjorczyk3d@twitpic.com,Female,76.218.241.110
123,Renata,Baton,rbaton3e@booking.com,Female,202.190.81.239
124,Terra,Amberg,tamberg3f@bbb.org,Female,210.166.2.87
125,Rosella,Gurnay,rgurnay3g@usgs.gov,Female,75.92.70.251
126,Bren,Chartre,bchartre3h@salon.com,Male,166.254.198.32
127,Mitchael,Chapellow,mchapellow3i@google.ca,Male,1.200.106.19
128,Gwendolyn,Bunyan,gbunyan3j@github.com,Female,46.147.124.111
129,Etheline,Spowage,espowage3k@vistaprint.com,Female,221.252.154.144
130,Alene,Cogin,acogin3l@wikispaces.com,Female,137.221.138.160
131,Kermy,Onyon,konyon3m@twitter.com,Male,71.120.99.59
132,Griffie,Ingarfield,gingarfield3n@berkeley.edu,Male,132.102.107.205
133,Evyn,Thonason,ethonason3o@studiopress.com,Male,218.29.90.148
134,Libbey,Porcas,lporcas3p@nationalgeographic.com,Female,1.168.107.45
135,Barr,Delouch,bdelouch3q@posterous.com,Male,32.97.92.196
136,Brennen,Sollner,bsollner3r@free.fr,Male,140.217.206.134
137,Rona,Albers,ralbers3s@netvibes.com,Female,51.53.64.50
138,Imogene,Baton,ibaton3t@lycos.com,Female,204.228.86.1
139,Alejandro,Espinoy,aespinoy3u@who.int,Male,155.235.205.63
140,Humfrid,Offa,hoffa3v@shutterfly.com,Male,97.212.128.175
141,Dag,Caesmans,dcaesmans3w@nyu.edu,Male,123.143.152.66
142,Vittoria,Simco,vsimco3x@xing.com,Female,0.166.220.76
143,Bev,Stovold,bstovold3y@fc2.com,Female,90.1.83.180
144,Shelby,Clapp,sclapp3z@yahoo.co.jp,Female,107.63.227.128
145,Trudy,Stennard,tstennard40@prlog.org,Female,227.221.242.33
146,Jo,MacMechan,jmacmechan41@trellian.com,Female,62.157.91.170
147,Glenn,Fishlee,gfishlee42@google.com.hk,Male,151.241.121.225
148,Scarlett,Eul,seul43@spotify.com,Female,46.40.242.78
149,Maudie,Gwin,mgwin44@squarespace.com,Female,183.163.128.1
150,Vida,Redgate,vredgate45@unesco.org,Female,118.67.109.165
151,Florence,Gosnell,fgosnell46@abc.net.au,Female,202.158.28.8
152,Ansel,Hunn,ahunn47@theatlantic.com,Male,166.7.168.15
153,Bailey,Blatchford,bblatchford48@sourceforge.net,Male,65.105.54.145
154,Galen,Blindermann,gblindermann49@cnbc.com,Male,1.236.252.143
155,Hodge,Ullyatt,hullyatt4a@thetimes.co.uk,Male,50.120.205.208
156,Dyanne,Combe,dcombe4b@buzzfeed.com,Female,77.155.68.214
157,Gar,Klos,gklos4c@skype.com,Male,58.172.112.164
158,Carlye,Battista,cbattista4d@webeden.co.uk,Female,167.75.91.163
159,Bryon,Bunny,bbunny4e@mysql.com,Male,220.180.30.82
160,Pip,Sturley,psturley4f@odnoklassniki.ru,Male,57.79.105.225
161,Ignazio,Spering,ispering4g@studiopress.com,Male,88.10.173.178
162,Blake,Kellog,bkellog4h@squarespace.com,Female,199.244.39.180
163,Lucky,Jobbins,ljobbins4i@ycombinator.com,Female,185.33.225.73
164,Hanna,Dowsey,hdowsey4j@buzzfeed.com,Female,68.186.150.0
165,Trudey,Iannuzzelli,tiannuzzelli4k@elegantthemes.com,Female,140.162.48.40
166,Nicolette,Blodg,nblodg4l@yelp.com,Female,113.51.172.83
167,Henrie,Grealish,hgrealish4m@weebly.com,Female,61.3.247.158
168,Annadiane,Peoples,apeoples4n@infoseek.co.jp,Female,51.11.254.121
169,Nancie,Posthill,nposthill4o@ameblo.jp,Female,252.239.78.73
170,Joellyn,Lorand,jlorand4p@answers.com,Female,32.221.76.57
171,Davon,Oram,doram4q@webeden.co.uk,Male,7.98.63.55
172,Davey,Georg,dgeorg4r@wsj.com,Male,218.3.19.194
173,Deb,Rastall,drastall4s@cocolog-nifty.com,Female,26.246.120.138
174,Trevor,Boissier,tboissier4t@earthlink.net,Male,120.105.115.67
175,Colby,Aves,caves4u@pbs.org,Male,159.74.45.212
176,Claudia,Tiley,ctiley4v@answers.com,Female,236.231.39.16
177,Teirtza,Cray,tcray4w@mayoclinic.com,Female,104.161.219.141
178,Domenic,Dahill,ddahill4x@sina.com.cn,Male,125.11.200.156
179,Eli,Leggs,eleggs4y@independent.co.uk,Male,144.4.200.183
180,Tedmund,Petrie,tpetrie4z@domainmarket.com,Male,9.228.167.242
181,Danie,Rawlin,drawlin50@bravesites.com,Male,96.210.70.59
182,Mignonne,Raper,mraper51@nationalgeographic.com,Female,32.66.11.181
183,Eldin,Dechelette,edechelette52@multiply.com,Male,74.135.53.45
184,Dorothee,Seymark,dseymark53@house.gov,Female,243.251.192.20
185,Rebecca,Arblaster,rarblaster54@wufoo.com,Female,159.175.96.176
186,Eleonore,Henri,ehenri55@tinyurl.com,Female,43.244.22.202
187,Odetta,Dobbyn,odobbyn56@who.int,Female,239.122.218.247
188,Brewer,Corbitt,bcorbitt57@myspace.com,Male,47.210.186.172
189,Inness,Dalby,idalby58@virginia.edu,Male,43.19.247.181
190,Alice,MacClenan,amacclenan59@cam.ac.uk,Female,131.1.167.67
191,Patton,Noirel,pnoirel5a@icq.com,Male,0.75.137.45
192,Judas,Hollyer,jhollyer5b@dot.gov,Male,146.41.105.112
193,Shelton,Mordanti,smordanti5c@yandex.ru,Male,191.187.136.14
194,Wendy,Bettleson,wbettleson5d@wp.com,Female,53.51.82.12
195,Cathleen,Gummoe,cgummoe5e@google.cn,Female,148.187.62.193
196,Marjory,Surcomb,msurcomb5f@cbc.ca,Female,45.83.171.224
197,Jeana,Lamden,jlamden5g@opera.com,Female,178.249.122.208
198,Margie,Crane,mcrane5h@merriam-webster.com,Female,190.139.28.226
199,Kenna,Ardron,kardron5i@umn.edu,Female,166.140.212.79
200,Caitlin,Egarr,cegarr5j@mozilla.org,Female,110.83.26.5
201,Gale,Fratson,gfratson5k@instagram.com,Female,133.213.6.153
202,Ashli,Widd,awidd5l@pagesperso-orange.fr,Female,58.46.42.103
203,Nicolea,Platfoot,nplatfoot5m@buzzfeed.com,Female,60.4.98.148
204,Rhodia,Girodier,rgirodier5n@domainmarket.com,Female,220.114.86.230
205,Randene,Pomroy,rpomroy5o@lulu.com,Female,69.210.211.54
206,Lars,Humphery,lhumphery5p@ning.com,Male,84.50.112.43
207,Denver,Rumens,drumens5q@mapquest.com,Male,239.39.20.216
208,Mark,Lutton,mlutton5r@elegantthemes.com,Male,218.84.82.70
209,Marcela,Clemencon,mclemencon5s@canalblog.com,Female,35.10.19.148
210,Tabb,Pashby,tpashby5t@webeden.co.uk,Male,30.74.4.72
211,Liza,Rickhuss,lrickhuss5u@meetup.com,Female,46.91.190.248
212,Delilah,McTerry,dmcterry5v@pen.io,Female,122.80.25.203
213,Berk,Vanezis,bvanezis5w@opera.com,Male,134.83.43.191
214,Tybi,Giuron,tgiuron5x@naver.com,Female,90.254.61.93
215,Candie,Reveland,creveland5y@latimes.com,Female,125.237.6.137
216,Alvy,Vallis,avallis5z@over-blog.com,Male,185.45.25.127
217,Lydie,Farrey,lfarrey60@i2i.jp,Female,140.126.25.35
218,Dolf,Mandifield,dmandifield61@umn.edu,Male,45.117.200.223
219,Marlowe,Enric,menric62@1und1.de,Male,168.175.146.194
220,Harley,Grono,hgrono63@google.es,Male,252.60.9.81
221,Stern,Breheny,sbreheny64@icio.us,Male,29.219.249.19
222,Mireille,Doohan,mdoohan65@sogou.com,Female,183.236.8.229
223,Larisa,Balls,lballs66@yahoo.com,Female,55.29.36.194
224,Hugo,Galtone,hgaltone67@skype.com,Male,55.235.153.57
225,Halie,Pollington,hpollington68@dyndns.org,Female,123.251.158.161
226,Katinka,Gosart,kgosart69@cbc.ca,Female,176.228.157.4
227,Bili,Flooks,bflooks6a@alibaba.com,Female,171.72.189.7
228,Tanitansy,Caccavari,tcaccavari6b@jugem.jp,Female,21.229.132.209
229,Annaliese,Smickle,asmickle6c@loc.gov,Female,242.162.251.89
230,Orel,Iiannoni,oiiannoni6d@posterous.com,Female,220.160.7.224
231,Goldie,Ivashev,givashev6e@ning.com,Female,237.130.58.240
232,Adelaida,Kerr,akerr6f@gmpg.org,Female,131.66.250.148
233,Kingston,Test,ktest6g@mozilla.com,Male,73.208.140.85
234,Renaldo,Surgeon,rsurgeon6h@behance.net,Male,146.167.174.53
235,Tam,Bridle,tbridle6i@utexas.edu,Male,221.38.49.131
236,Reider,Aldersea,raldersea6j@wiley.com,Male,147.125.92.8
237,Bran,Eschalette,beschalette6k@google.pl,Male,189.230.16.114
238,Rhody,Kerslake,rkerslake6l@bing.com,Female,219.44.6.126
239,Pavla,Ionn,pionn6m@infoseek.co.jp,Female,53.235.218.198
240,Fina,Hazelgreave,fhazelgreave6n@paypal.com,Female,207.161.240.212
241,Hill,Serot,hserot6o@redcross.org,Male,142.159.129.88
242,Kaitlin,Lorenzetti,klorenzetti6p@hc360.com,Female,112.20.195.93
243,Bethany,Drain,bdrain6q@hud.gov,Female,26.254.232.166
244,Pail,Pummell,ppummell6r@discovery.com,Male,234.158.66.47
245,Vincenty,Squibe,vsquibe6s@exblog.jp,Male,71.74.242.212
246,Morgen,Bewsey,mbewsey6t@statcounter.com,Female,131.220.44.124
247,Rory,Walley,rwalley6u@google.fr,Male,181.94.26.161
248,Timi,Valentim,tvalentim6v@exblog.jp,Female,106.145.82.186
249,Traver,Budgey,tbudgey6w@china.com.cn,Male,214.29.204.67
250,Nicolina,Sherer,nsherer6x@geocities.jp,Female,107.50.144.43
251,Mariele,Goaley,mgoaley6y@comcast.net,Female,175.240.43.205
252,Alric,Morphew,amorphew6z@reference.com,Male,46.145.106.215
253,Lionello,Atton,latton70@sphinn.com,Male,146.110.254.30
254,Bale,Danielot,bdanielot71@yellowbook.com,Male,144.200.49.137
255,Trever,Breadon,tbreadon72@biglobe.ne.jp,Male,146.248.4.5
256,Klemens,Tomczykiewicz,ktomczykiewicz73@businessweek.com,Male,52.75.157.76
257,Aldis,Mainds,amainds74@liveinternet.ru,Male,141.15.71.178
258,Simone,Thomason,sthomason75@deviantart.com,Male,75.102.200.169
259,Sorcha,Rabier,srabier76@lycos.com,Female,75.16.169.64
260,Wayne,Challiner,wchalliner77@stanford.edu,Male,242.189.239.102
261,Ron,Shore,rshore78@addtoany.com,Male,186.40.212.97
262,Jewell,Jerson,jjerson79@aol.com,Female,127.87.32.249
263,Heloise,Fittall,hfittall7a@weather.com,Female,225.187.254.71
264,Holly,Tyndall,htyndall7b@themeforest.net,Male,145.24.74.224
265,Billie,Truggian,btruggian7c@tripod.com,Female,39.30.1.166
266,Wilek,Perford,wperford7d@netlog.com,Male,162.146.181.150
267,Filmer,Lakey,flakey7e@163.com,Male,144.28.88.206
268,Carr,Hallatt,challatt7f@lycos.com,Male,91.91.121.27
269,Frasquito,Wegman,fwegman7g@cmu.edu,Male,6.44.89.145
270,Garrek,Buttel,gbuttel7h@etsy.com,Male,7.230.108.68
271,Sarina,Ahren,sahren7i@wsj.com,Female,83.12.93.76
272,Tony,Perse,tperse7j@unesco.org,Male,163.172.203.119
273,Sena,Morley,smorley7k@booking.com,Female,161.236.174.202
274,Pail,Mettericke,pmettericke7l@hud.gov,Male,198.62.134.120
275,Noella,Aulsford,naulsford7m@hhs.gov,Female,28.137.61.146
276,Linus,Chisolm,lchisolm7n@umn.edu,Male,247.196.250.98
277,Udell,Leggat,uleggat7o@shareasale.com,Male,47.62.168.116
278,Ruperta,Badsey,rbadsey7p@edublogs.org,Female,40.21.175.247
279,Alexio,Blick,ablick7q@ox.ac.uk,Male,0.212.39.152
280,Ruperta,Beinke,rbeinke7r@psu.edu,Female,120.80.117.102
281,Violetta,MacAne,vmacane7s@example.com,Female,173.41.66.166
282,Melinde,Farthin,mfarthin7t@who.int,Female,159.204.181.30
283,Archibaldo,Heymann,aheymann7u@cbc.ca,Male,201.193.48.200
284,Montague,Cavan,mcavan7v@merriam-webster.com,Male,218.146.17.23
285,Jimmie,Milhench,jmilhench7w@ow.ly,Male,192.173.244.102
286,Ripley,Trevaskus,rtrevaskus7x@surveymonkey.com,Male,88.244.122.208
287,Mata,Woolstenholmes,mwoolstenholmes7y@abc.net.au,Male,167.115.217.102
288,Merci,Nestoruk,mnestoruk7z@hp.com,Female,42.245.15.107
289,Vivyan,Kahler,vkahler80@ocn.ne.jp,Female,89.72.171.161
290,Lanie,Llorens,lllorens81@noaa.gov,Male,200.95.159.127
291,Tristan,Pryke,tpryke82@adobe.com,Male,214.221.235.98
292,Carey,Wallentin,cwallentin83@mit.edu,Male,247.92.175.223
293,Jaynell,Burdus,jburdus84@vimeo.com,Female,141.89.67.239
294,Joachim,Bugs,jbugs85@state.tx.us,Male,232.199.247.175
295,Orson,Harber,oharber86@twitter.com,Male,183.157.221.25
296,Garvey,Margrie,gmargrie87@samsung.com,Male,71.146.52.11
297,Brennen,Paver,bpaver88@chicagotribune.com,Male,78.7.166.121
298,Arturo,Pietruschka,apietruschka89@mail.ru,Male,169.10.53.18
299,Hi,Farrow,hfarrow8a@thetimes.co.uk,Male,126.216.39.51
300,Stephan,Thurstan,sthurstan8b@ibm.com,Male,228.26.29.128
301,Esteban,Bould,ebould8c@bloglines.com,Male,223.89.189.240
302,Ulrikaumeko,Mantrup,umantrup8d@pagesperso-orange.fr,Female,221.15.190.144
303,Giustino,Finnie,gfinnie8e@bloglovin.com,Male,231.175.165.115
304,Benjie,Huddle,bhuddle8f@squidoo.com,Male,4.151.212.5
305,Annmarie,Jodkowski,ajodkowski8g@csmonitor.com,Female,92.246.72.136
306,Joannes,Claypole,jclaypole8h@myspace.com,Female,223.75.8.194
307,Asher,Towe,atowe8i@about.com,Male,204.187.150.218
308,Neddy,Strick,nstrick8j@naver.com,Male,96.12.66.2
309,Tisha,Elsom,telsom8k@reference.com,Female,236.101.222.48
310,Adler,Miebes,amiebes8l@cisco.com,Male,88.91.233.180
311,Gabi,Fairburne,gfairburne8m@princeton.edu,Female,60.185.66.119
312,Blair,Heatherington,bheatherington8n@ox.ac.uk,Male,59.11.162.41
313,Nicholle,Tal,ntal8o@ocn.ne.jp,Female,254.20.155.172
314,Salmon,Cartledge,scartledge8p@ucsd.edu,Male,52.143.108.207
315,Willi,Morrallee,wmorrallee8q@simplemachines.org,Female,79.226.204.169
316,Kitti,Lace,klace8r@feedburner.com,Female,91.60.235.229
317,Osborn,Retallick,oretallick8s@cam.ac.uk,Male,247.7.228.63
318,Kathlin,Nowell,knowell8t@time.com,Female,131.30.97.203
319,Rem,Bushen,rbushen8u@alexa.com,Male,86.45.187.185
320,Rabi,Deverell,rdeverell8v@sogou.com,Male,139.71.30.240
321,Astrix,Molan,amolan8w@jugem.jp,Female,43.37.131.17
322,Sapphira,Duester,sduester8x@gnu.org,Female,19.108.120.244
323,Wylie,Edlestone,wedlestone8y@redcross.org,Male,216.205.18.203
324,Malorie,Gullivan,mgullivan8z@github.com,Female,182.219.73.227
325,Darryl,Codi,dcodi90@umich.edu,Male,89.51.119.95
326,Dannie,Wheeldon,dwheeldon91@google.fr,Male,201.249.171.82
327,Klement,MacKilroe,kmackilroe92@privacy.gov.au,Male,95.154.37.26
328,Vivien,Llewellin,vllewellin93@rambler.ru,Female,49.217.65.24
329,Kenna,Gohier,kgohier94@twitpic.com,Female,65.125.107.90
330,Lizabeth,Stubbs,lstubbs95@hibu.com,Female,166.71.165.191
331,Vita,Baytrop,vbaytrop96@samsung.com,Female,238.223.28.50
332,Papageno,Jestico,pjestico97@goo.ne.jp,Male,143.125.51.177
333,Kaitlin,Danniel,kdanniel98@rambler.ru,Female,220.168.90.107
334,Ingrid,Rhelton,irhelton99@soup.io,Female,120.63.181.0
335,Kahaleel,Ludlamme,kludlamme9a@hubpages.com,Male,255.91.139.83
336,Paco,Wabe,pwabe9b@samsung.com,Male,195.105.240.219
337,Jock,Bunch,jbunch9c@rakuten.co.jp,Male,199.82.9.188
338,Josefina,Adnet,jadnet9d@geocities.jp,Female,179.246.2.69
339,Sheelagh,Henriet,shenriet9e@columbia.edu,Female,213.243.248.166
340,Shell,MacCaughey,smaccaughey9f@wunderground.com,Female,94.28.52.105
341,Carlynn,Lumsdale,clumsdale9g@jalbum.net,Female,226.25.90.57
342,Flore,Dugmore,fdugmore9h@tumblr.com,Female,86.133.3.119
343,Jeffry,Malden,jmalden9i@g.co,Male,68.103.132.118
344,Dion,Bromfield,dbromfield9j@chronoengine.com,Male,35.162.33.27
345,Sergent,Boffey,sboffey9k@devhub.com,Male,105.45.189.159
346,Mirabelle,MacMenemy,mmacmenemy9l@mysql.com,Female,144.99.114.86
347,Arlin,Buyers,abuyers9m@amazon.co.jp,Male,46.117.15.33
348,Mozelle,Hillett,mhillett9n@printfriendly.com,Female,14.35.189.176
349,Von,Shearwood,vshearwood9o@last.fm,Male,34.158.199.118
350,Dorthea,Wharmby,dwharmby9p@nature.com,Female,107.65.59.200
351,Rachael,Wrout,rwrout9q@quantcast.com,Female,121.95.79.181
352,Rayna,Fairbairn,rfairbairn9r@businessinsider.com,Female,96.121.210.249
353,Ezri,Josling,ejosling9s@tripod.com,Male,221.210.77.219
354,Urbain,Bento,ubento9t@ucoz.com,Male,73.109.103.61
355,Etta,Cornelius,ecornelius9u@mediafire.com,Female,73.101.26.160
356,Xavier,Laborde,xlaborde9v@people.com.cn,Male,194.46.128.69
357,Carlin,Brockway,cbrockway9w@wisc.edu,Male,61.125.215.40
358,Goldi,Sisse,gsisse9x@squidoo.com,Female,19.5.56.186
359,Corenda,Kendrick,ckendrick9y@merriam-webster.com,Female,220.205.174.27
360,Antonie,Danniel,adanniel9z@deviantart.com,Female,48.19.188.87
361,Robbie,Sisson,rsissona0@mail.ru,Male,79.180.23.171
362,Joseito,Wicks,jwicksa1@berkeley.edu,Male,97.151.239.247
363,Zacharias,Laible,zlaiblea2@odnoklassniki.ru,Male,3.88.148.123
364,Charmaine,Corbett,ccorbetta3@linkedin.com,Female,99.21.55.251
365,Marisa,Mixter,mmixtera4@hao123.com,Female,25.35.85.183
366,Cass,Rennard,crennarda5@a8.net,Male,109.156.36.240
367,Myrna,Moyser,mmoysera6@umn.edu,Female,243.237.144.113
368,Paulo,Duddin,pduddina7@simplemachines.org,Male,183.57.76.47
369,Wash,Eubank,weubanka8@si.edu,Male,160.0.84.66
370,Kilian,Karet,kkareta9@stanford.edu,Male,223.205.111.131
371,Aurelie,Spaule,aspauleaa@walmart.com,Female,72.211.223.131
372,Arliene,Disbrey,adisbreyab@gnu.org,Female,217.151.111.157
373,Clareta,Marzelli,cmarzelliac@nydailynews.com,Female,99.106.57.70
374,Shela,Musgrave,smusgravead@addthis.com,Female,204.246.134.117
375,Aurelie,Nunan,anunanae@ox.ac.uk,Female,193.252.65.100
376,George,Whapples,gwhapplesaf@home.pl,Male,104.243.70.49
377,Paulina,Vanyashin,pvanyashinag@google.co.jp,Female,72.168.50.179
378,Dacie,Ollerenshaw,dollerenshawah@omniture.com,Female,253.197.176.126
379,Gerladina,Audibert,gaudibertai@weather.com,Female,131.1.226.76
380,Renaldo,Titley,rtitleyaj@ft.com,Male,177.60.217.34
381,Donaugh,Tynnan,dtynnanak@quantcast.com,Male,83.244.188.203
382,Irving,Cove,icoveal@friendfeed.com,Male,241.125.167.236
383,Emmy,Fantham,efanthamam@sogou.com,Female,72.242.17.202
384,Paulette,Klulicek,pklulicekan@live.com,Female,248.193.59.182
385,Bev,Tinner,btinnerao@slashdot.org,Female,64.175.144.81
386,Marlowe,Suermeier,msuermeierap@topsy.com,Male,228.101.144.52
387,Erda,Geikie,egeikieaq@washington.edu,Female,227.43.165.4
388,Ranique,Warrillow,rwarrillowar@domainmarket.com,Female,125.129.131.52
389,Ardenia,Gregson,agregsonas@imgur.com,Female,187.232.47.243
390,Gard,Challenor,gchallenorat@shareasale.com,Male,37.221.97.87
391,Karlie,Doudney,kdoudneyau@jigsy.com,Female,193.64.163.75
392,Rasia,Eldrett,reldrettav@clickbank.net,Female,81.241.216.58
393,Nathan,Rosell,nrosellaw@wordpress.org,Male,227.233.211.199
394,Ariel,McNuff,amcnuffax@over-blog.com,Female,235.140.75.250
395,Clark,Burtt,cburttay@phpbb.com,Male,66.191.223.97
396,Birk,Tremlett,btremlettaz@admin.ch,Male,29.80.230.19
397,Gawen,Stoyell,gstoyellb0@i2i.jp,Male,231.251.164.53
398,Desdemona,Moughton,dmoughtonb1@sun.com,Female,32.10.43.228
399,Gussy,Palfreyman,gpalfreymanb2@google.it,Female,74.3.253.166
400,Marley,Walford,mwalfordb3@deviantart.com,Female,61.115.81.227
401,Marmaduke,Woollacott,mwoollacottb4@stanford.edu,Male,94.242.179.20
402,Susan,Johns,sjohnsb5@fc2.com,Female,129.201.59.191
403,Mead,Fanthome,mfanthomeb6@oakley.com,Male,51.27.229.0
404,Rube,Vedeniktov,rvedeniktovb7@ucoz.com,Male,210.209.71.195
405,Cori,MacGorley,cmacgorleyb8@livejournal.com,Female,139.164.21.54
406,Helena,Boundy,hboundyb9@smugmug.com,Female,140.85.162.77
407,Kippar,Meiningen,kmeiningenba@desdev.cn,Male,101.154.246.233
408,Timothee,Shackell,tshackellbb@washington.edu,Male,161.55.58.43
409,Saunderson,Allwood,sallwoodbc@engadget.com,Male,240.42.31.158
410,Benjie,Chasier,bchasierbd@fotki.com,Male,194.140.234.245
411,Ches,Jakeway,cjakewaybe@1und1.de,Male,125.91.158.140
412,Patin,Estcourt,pestcourtbf@deliciousdays.com,Male,211.223.165.88
413,Tonie,Switsur,tswitsurbg@bloomberg.com,Female,247.239.159.171
414,Alexandra,Wall,awallbh@guardian.co.uk,Female,152.80.148.81
415,Lon,Riseam,lriseambi@ted.com,Male,18.102.246.183
416,Leisha,Newis,lnewisbj@slashdot.org,Female,27.39.8.70
417,Marinna,Brickhill,mbrickhillbk@livejournal.com,Female,161.24.159.110
418,Garry,MacIan,gmacianbl@feedburner.com,Male,181.114.228.10
419,Florentia,Simmance,fsimmancebm@friendfeed.com,Female,199.220.25.29
420,Padgett,Heninghem,pheninghembn@mail.ru,Male,100.220.237.78
421,Drusilla,Meagh,dmeaghbo@live.com,Female,7.170.225.21
422,Vinnie,Dobie,vdobiebp@dedecms.com,Male,31.52.196.180
423,Ancell,Fencott,afencottbq@prnewswire.com,Male,167.82.178.160
424,Harcourt,Nice,hnicebr@posterous.com,Male,1.47.173.124
425,Faythe,Kaemena,fkaemenabs@joomla.org,Female,217.47.98.188
426,Basilius,Dellenbrook,bdellenbrookbt@nifty.com,Male,97.202.160.23
427,Farica,Kennefick,fkennefickbu@boston.com,Female,79.181.17.194
428,Dulcia,Rahl,drahlbv@surveymonkey.com,Female,186.58.116.106
429,Reginald,Kail,rkailbw@spiegel.de,Male,182.103.226.215
430,Elsey,Stratten,estrattenbx@geocities.com,Female,183.96.234.53
431,Jermaine,Vedishchev,jvedishchevby@w3.org,Male,5.30.207.42
432,Ferdinand,Enriquez,fenriquezbz@topsy.com,Male,162.47.81.132
433,Sanderson,Zanutti,szanuttic0@time.com,Male,1.240.5.10
434,Karlene,Orehead,koreheadc1@comsenz.com,Female,175.107.171.244
435,Katharina,Tomczak,ktomczakc2@ca.gov,Female,20.130.245.116
436,Ernest,Barents,ebarentsc3@amazonaws.com,Male,34.230.140.171
437,Elfrieda,Kilbee,ekilbeec4@php.net,Female,119.186.230.129
438,Daren,Crepel,dcrepelc5@woothemes.com,Male,214.181.2.218
439,Perri,Sitch,psitchc6@google.it,Female,184.75.42.106
440,Ambrosio,Alcalde,aalcaldec7@ebay.co.uk,Male,128.53.42.21
441,Karel,Hammerstone,khammerstonec8@va.gov,Male,62.247.192.69
442,Amberly,Firle,afirlec9@paginegialle.it,Female,62.88.18.83
443,Genevra,Gorini,ggorinica@wsj.com,Female,212.77.139.6
444,Cherie,Sawley,csawleycb@ft.com,Female,12.188.69.1
445,Joelynn,Carney,jcarneycc@qq.com,Female,235.210.119.121
446,Chuck,Salvage,csalvagecd@bloomberg.com,Male,209.119.131.92
447,Jennee,Rustedge,jrustedgece@ucla.edu,Female,89.106.83.27
448,Job,Kolin,jkolincf@mozilla.com,Male,215.191.108.180
449,Jack,Marples,jmarplescg@cisco.com,Male,111.241.115.110
450,Tiena,Facer,tfacerch@yahoo.co.jp,Female,203.9.103.219
451,Hedy,MacCosty,hmaccostyci@dyndns.org,Female,50.189.208.194
452,Jannel,Avrashin,javrashincj@cdbaby.com,Female,190.150.178.83
453,Krista,Yesinov,kyesinovck@reuters.com,Female,174.213.135.5
454,Leigh,Nassy,lnassycl@vimeo.com,Male,83.138.237.114
455,Michele,Margerison,mmargerisoncm@booking.com,Female,218.3.87.192
456,Brenden,Weldon,bweldoncn@live.com,Male,234.178.236.221
457,Dall,Camilli,dcamillico@bluehost.com,Male,83.148.165.175
458,Romona,Gunn,rgunncp@wired.com,Female,54.70.167.138
459,Roberta,Merill,rmerillcq@unc.edu,Female,151.191.14.239
460,Douglass,Forkan,dforkancr@reference.com,Male,9.199.42.97
461,Heriberto,Besant,hbesantcs@vistaprint.com,Male,38.184.77.177
462,Agretha,Mars,amarsct@wikimedia.org,Female,128.114.71.101
463,Neille,Avesque,navesquecu@ifeng.com,Female,157.154.192.224
464,Grannie,Hurran,ghurrancv@mtv.com,Male,94.130.176.85
465,Hobard,Penna,hpennacw@tripadvisor.com,Male,130.211.179.219
466,Pembroke,Blencoe,pblencoecx@unicef.org,Male,206.213.136.158
467,Fanni,Hodgins,fhodginscy@chron.com,Female,144.230.216.177
468,Steven,Iddiens,siddienscz@devhub.com,Male,175.172.61.7
469,Alaric,Bohlsen,abohlsend0@technorati.com,Male,18.11.31.38
470,Tedie,Fick,tfickd1@goo.ne.jp,Male,237.52.67.253
471,Noach,Feavyour,nfeavyourd2@walmart.com,Male,81.227.83.151
472,Sheela,Bradder,sbradderd3@soundcloud.com,Female,248.221.255.198
473,Mattie,McGrae,mmcgraed4@columbia.edu,Female,178.86.204.65
474,Elnore,Easby,eeasbyd5@globo.com,Female,94.65.135.1
475,Evey,Jeandel,ejeandeld6@canalblog.com,Female,134.115.130.147
476,Theodor,Howse,thowsed7@princeton.edu,Male,204.54.108.179
477,Mikel,Othen,mothend8@wikia.com,Male,189.127.189.199
478,Kelwin,Barnhill,kbarnhilld9@tripadvisor.com,Male,123.23.174.122
479,Lynnell,Blencoe,lblencoeda@plala.or.jp,Female,233.27.150.217
480,Tove,Teggin,tteggindb@hugedomains.com,Female,86.185.47.147
481,Elden,Creese,ecreesedc@usda.gov,Male,1.86.22.213
482,Bat,Daish,bdaishdd@dell.com,Male,122.1.127.120
483,Christan,Swain,cswainde@unc.edu,Female,208.54.153.168
484,Julietta,Stuckford,jstuckforddf@howstuffworks.com,Female,243.216.18.207
485,Tome,McAirt,tmcairtdg@barnesandnoble.com,Male,184.79.125.161
486,Celie,Stolworthy,cstolworthydh@behance.net,Female,116.187.79.195
487,Ardene,Fratczak,afratczakdi@ucoz.ru,Female,107.91.252.250
488,Maynard,Bichener,mbichenerdj@stanford.edu,Male,72.220.223.28
489,Reuven,Alelsandrovich,ralelsandrovichdk@networkadvertising.org,Male,177.98.255.175
490,Andy,Cometson,acometsondl@ucla.edu,Female,20.156.162.142
491,Brady,Ben,bbendm@t-online.de,Male,54.181.113.27
492,Cecilla,Ambler,camblerdn@cmu.edu,Female,237.114.216.85
493,Kiele,Jewell,kjewelldo@accuweather.com,Female,130.15.132.129
494,Harmony,Dwight,hdwightdp@cnbc.com,Female,37.141.205.21
495,Stepha,Wasielewicz,swasielewiczdq@deliciousdays.com,Female,183.239.117.210
496,Gawain,Nagle,gnagledr@cloudflare.com,Male,145.225.36.207
497,Jackquelin,Martini,jmartinids@cargocollective.com,Female,176.127.221.146
498,Abby,Bettenay,abettenaydt@hibu.com,Female,72.119.87.102
499,Sid,Condit,sconditdu@nymag.com,Male,171.237.124.64
500,Dorri,Alcalde,dalcaldedv@cbslocal.com,Female,66.184.204.229
501,Steve,Skotcher,sskotcherdw@mac.com,Male,6.100.30.159
502,Auberon,Varndall,avarndalldx@ezinearticles.com,Male,20.130.160.221
503,Alic,De Maine,ademainedy@ed.gov,Male,36.145.98.1
504,Guntar,Lammerich,glammerichdz@nasa.gov,Male,160.246.163.73
505,Virgilio,Jermyn,vjermyne0@google.pl,Male,43.107.126.32
506,Gwendolin,Pollington,gpollingtone1@mediafire.com,Female,72.72.87.195
507,Deborah,Hamil,dhamile2@jiathis.com,Female,247.76.145.176
508,Cherise,Stigers,cstigerse3@360.cn,Female,228.49.8.148
509,Sioux,MacNamara,smacnamarae4@indiegogo.com,Female,101.49.214.70
510,Broddy,Bodycombe,bbodycombee5@economist.com,Male,117.158.245.196
511,Carlo,Scorer,cscorere6@phpbb.com,Male,149.42.68.120
512,Reginald,Brearty,rbreartye7@jalbum.net,Male,79.174.133.152
513,Tam,Syseland,tsyselande8@yandex.ru,Male,124.36.140.66
514,Rey,Robuchon,rrobuchone9@blinklist.com,Male,174.13.114.243
515,Efrem,Ianetti,eianettiea@bloglovin.com,Male,11.72.79.91
516,Piotr,Runham,prunhameb@ucla.edu,Male,243.46.142.198
517,Madeleine,O'Lagene,molageneec@google.es,Female,151.157.153.93
518,Waylin,Rosenstengel,wrosenstengeled@delicious.com,Male,233.7.105.150
519,Ced,Rimour,crimouree@berkeley.edu,Male,49.26.22.11
520,Tonie,Lowdwell,tlowdwellef@telegraph.co.uk,Female,209.193.51.62
521,Euell,Guidotti,eguidottieg@msu.edu,Male,234.197.75.40
522,Mateo,Kilgallon,mkilgalloneh@a8.net,Male,14.39.198.78
523,Pru,Pothecary,ppothecaryei@webmd.com,Female,52.205.72.64
524,Chiquita,Jillions,cjillionsej@earthlink.net,Female,227.195.208.168
525,Noland,Bailess,nbailessek@dropbox.com,Male,17.31.66.97
526,Vanni,Tretter,vtretterel@angelfire.com,Female,188.170.71.78
527,Peter,Brussels,pbrusselsem@sakura.ne.jp,Male,202.180.70.36
528,Elisha,Djokovic,edjokovicen@theatlantic.com,Female,209.232.213.168
529,Jerrylee,Rubenchik,jrubenchikeo@washingtonpost.com,Female,169.149.34.143
530,Sylvan,Luttgert,sluttgertep@msn.com,Male,23.123.51.52
531,Alena,Erwin,aerwineq@example.com,Female,154.57.89.193
532,Inna,Yaknov,iyaknover@youku.com,Female,157.181.218.180
533,Morgan,Springtorpe,mspringtorpees@github.com,Male,135.228.39.21
534,Gene,Quinnelly,gquinnellyet@t.co,Female,18.207.146.1
535,Bertrand,Fullbrook,bfullbrookeu@prlog.org,Male,188.151.14.140
536,Kass,Kilgallen,kkilgallenev@cyberchimps.com,Female,18.139.252.37
537,Nicolais,Keilty,nkeiltyew@unesco.org,Male,102.201.252.77
538,Liz,Ruvel,lruvelex@wikia.com,Female,120.224.107.14
539,Fiorenze,Revett,frevettey@forbes.com,Female,47.179.185.29
540,Finlay,Snyder,fsnyderez@springer.com,Male,137.9.76.254
541,Yves,Gaylard,ygaylardf0@apache.org,Male,151.57.142.202
542,Dmitri,Baulch,dbaulchf1@livejournal.com,Male,222.157.32.70
543,Jodi,Stuck,jstuckf2@thetimes.co.uk,Male,220.249.195.114
544,Chick,Pitt,cpittf3@dyndns.org,Male,104.85.205.128
545,Lindsy,Brislen,lbrislenf4@pinterest.com,Female,75.46.13.46
546,Herby,Utting,huttingf5@ucoz.com,Male,134.186.97.235
547,Celinka,Dehn,cdehnf6@people.com.cn,Female,243.218.74.138
548,Lyssa,Bliss,lblissf7@virginia.edu,Female,147.182.235.119
549,Sylvia,Crumby,scrumbyf8@thetimes.co.uk,Female,133.199.138.180
550,Emlyn,Hallut,ehallutf9@utexas.edu,Female,184.132.221.69
551,Iorgo,Pescod,ipescodfa@fotki.com,Male,57.158.203.183
552,Ruprecht,Wakeman,rwakemanfb@domainmarket.com,Male,127.169.229.38
553,Dalis,Benoiton,dbenoitonfc@facebook.com,Male,240.152.121.197
554,Paulita,Trimbey,ptrimbeyfd@1und1.de,Female,204.184.211.151
555,Claus,Welton,cweltonfe@mapquest.com,Male,47.115.62.240
556,Muffin,Colquitt,mcolquittff@cmu.edu,Female,249.52.124.17
557,Adda,Goreway,agorewayfg@sphinn.com,Female,39.143.184.190
558,Garald,Mindenhall,gmindenhallfh@bravesites.com,Male,123.64.149.42
559,Brana,McGahey,bmcgaheyfi@illinois.edu,Female,8.129.160.230
560,Virgie,Greeson,vgreesonfj@opensource.org,Male,234.207.205.162
561,Illa,Blewitt,iblewittfk@lulu.com,Female,184.254.75.209
562,Marcellus,Hedman,mhedmanfl@paginegialle.it,Male,36.121.166.227
563,Babara,Oldnall,boldnallfm@photobucket.com,Female,65.76.105.169
564,Bent,Greeve,bgreevefn@netscape.com,Male,125.140.219.18
565,Roderic,Pirouet,rpirouetfo@theglobeandmail.com,Male,154.205.61.27
566,Norbie,Santhouse,nsanthousefp@yolasite.com,Male,2.245.233.118
567,Suzanna,Coye,scoyefq@zimbio.com,Female,58.169.103.19
568,Kordula,Gillyett,kgillyettfr@techcrunch.com,Female,240.45.186.128
569,Dusty,Josefer,djoseferfs@dell.com,Female,212.112.94.62
570,Lisabeth,Leonida,lleonidaft@unblog.fr,Female,196.162.137.109
571,Gillian,Caddan,gcaddanfu@ebay.com,Female,115.164.15.75
572,Patsy,Brownstein,pbrownsteinfv@dedecms.com,Female,17.160.73.16
573,Crin,Simco,csimcofw@nps.gov,Female,139.187.125.196
574,Adam,Feuell,afeuellfx@digg.com,Male,89.119.120.158
575,Patrizio,Tribbeck,ptribbeckfy@slashdot.org,Male,122.102.130.75
576,Cinnamon,McAteer,cmcateerfz@w3.org,Female,174.191.80.209
577,Bale,Swetland,bswetlandg0@chron.com,Male,23.232.217.81
578,Leda,Fleote,lfleoteg1@cornell.edu,Female,9.189.216.151
579,Tedman,Brenton,tbrentong2@typepad.com,Male,110.112.40.253
580,Darren,Trynor,dtrynorg3@tmall.com,Male,132.46.61.42
581,Willy,Briffett,wbriffettg4@tinyurl.com,Male,123.214.170.59
582,Jerrilyn,Tremmil,jtremmilg5@soundcloud.com,Female,1.216.44.244
583,Katy,Lambeth,klambethg6@shinystat.com,Female,126.155.197.107
584,Keri,Ganforth,kganforthg7@springer.com,Female,203.213.132.14
585,Wilbur,Wintersgill,wwintersgillg8@ted.com,Male,197.210.252.116
586,Paloma,Kop,pkopg9@youtu.be,Female,74.3.113.6
587,Lyell,Winslade,lwinsladega@google.fr,Male,32.255.180.237
588,Sayre,Casado,scasadogb@furl.net,Female,110.0.153.181
589,Nissie,Martine,nmartinegc@deliciousdays.com,Female,200.251.221.248
590,Alex,Durtnell,adurtnellgd@nyu.edu,Male,230.8.61.92
591,Briny,Grubey,bgrubeyge@prweb.com,Female,6.204.12.72
592,Willdon,Cromblehome,wcromblehomegf@ebay.co.uk,Male,115.252.143.69
593,Becka,Pitrollo,bpitrollogg@cbslocal.com,Female,9.52.109.232
594,Carleton,Brothers,cbrothersgh@de.vu,Male,1.90.131.250
595,Ulrick,Joreau,ujoreaugi@edublogs.org,Male,225.12.166.65
596,Davita,Taplin,dtaplingj@washington.edu,Female,250.96.251.62
597,Cally,Trendle,ctrendlegk@apache.org,Female,53.69.18.157
598,Carlin,Fratson,cfratsongl@jimdo.com,Male,241.215.234.139
599,Alasteir,Schruyer,aschruyergm@biglobe.ne.jp,Male,224.8.50.107
600,Shani,Guichard,sguichardgn@simplemachines.org,Female,50.99.177.239
601,Clifford,Birkin,cbirkingo@nba.com,Male,139.223.107.58
602,Eugenie,Gantzman,egantzmangp@google.es,Female,180.198.66.207
603,Tessy,Dameisele,tdameiselegq@uiuc.edu,Female,133.105.14.109
604,Mozelle,Maling,mmalinggr@edublogs.org,Female,249.115.61.177
605,Shaw,Aldam,saldamgs@devhub.com,Male,233.94.140.155
606,Goldi,Swash,gswashgt@google.com,Female,223.108.166.43
607,Everard,Borthram,eborthramgu@github.com,Male,160.230.232.86
608,Georgianne,Ross,grossgv@artisteer.com,Female,60.4.73.134
609,Shaylynn,Farrear,sfarreargw@oakley.com,Female,120.163.218.69
610,Sherm,Key,skeygx@jugem.jp,Male,29.58.234.182
611,Walker,Khomin,wkhomingy@patch.com,Male,37.159.85.237
612,Dosi,Dikelin,ddikelingz@xing.com,Female,81.205.88.85
613,Greer,Lade,gladeh0@buzzfeed.com,Female,250.94.134.49
614,Caty,Winscom,cwinscomh1@usda.gov,Female,199.56.42.204
615,Kakalina,Catanheira,kcatanheirah2@wikimedia.org,Female,3.200.17.158
616,Kristen,Cullum,kcullumh3@sciencedaily.com,Female,4.3.140.233
617,Abdel,Worley,aworleyh4@networkadvertising.org,Male,253.244.153.156
618,Haze,Mazzeo,hmazzeoh5@nasa.gov,Male,188.188.120.233
619,Selby,Snaddon,ssnaddonh6@bandcamp.com,Male,249.179.35.253
620,Mart,Labusquiere,mlabusquiereh7@prlog.org,Male,55.119.90.100
621,Isa,Yeabsley,iyeabsleyh8@dot.gov,Female,129.156.117.175
622,Martino,Dudmesh,mdudmeshh9@cocolog-nifty.com,Male,251.40.139.159
623,Romeo,Ringsell,rringsellha@amazon.com,Male,122.75.176.63
624,Bron,Serginson,bserginsonhb@jugem.jp,Male,36.176.222.222
625,Iggy,Watkiss,iwatkisshc@kickstarter.com,Male,176.146.181.98
626,Hyacinth,Pochet,hpochethd@mapy.cz,Female,168.68.169.8
627,Danyelle,Frill,dfrillhe@sourceforge.net,Female,211.248.22.182
628,Irwin,Ellum,iellumhf@facebook.com,Male,77.40.163.0
629,Kamillah,Fone,kfonehg@icio.us,Female,230.98.18.224
630,Kathy,Angus,kangushh@cmu.edu,Female,118.174.184.215
631,Skelly,Matteoli,smatteolihi@ft.com,Male,151.183.148.179
632,Halimeda,MacKey,hmackeyhj@bing.com,Female,67.26.115.65
633,Galina,Arter,garterhk@intel.com,Female,195.149.18.31
634,Corinne,Eustis,ceustishl@yolasite.com,Female,191.248.174.3
635,Suzann,Castiglio,scastigliohm@bizjournals.com,Female,9.146.194.239
636,Angelita,Ruos,aruoshn@imgur.com,Female,192.121.137.246
637,Yehudit,Buzza,ybuzzaho@globo.com,Male,213.161.62.1
638,Casper,Gabrieli,cgabrielihp@plala.or.jp,Male,174.51.234.80
639,Colby,Matignon,cmatignonhq@1688.com,Male,81.156.106.245
640,Maryjane,Donalson,mdonalsonhr@gov.uk,Female,81.92.115.67
641,Hansiain,House,hhousehs@elpais.com,Male,131.40.65.79
642,Enrique,Jaggar,ejaggarht@purevolume.com,Male,2.250.161.10
643,Jenna,Keep,jkeephu@simplemachines.org,Female,124.116.113.17
644,Lainey,Stribling,lstriblinghv@unblog.fr,Female,32.15.154.12
645,Zita,Butter,zbutterhw@google.nl,Female,91.225.77.160
646,Charil,Joselevitz,cjoselevitzhx@techcrunch.com,Female,100.78.179.77
647,Yard,Worden,ywordenhy@mapy.cz,Male,166.44.46.199
648,Chiquita,Gledhill,cgledhillhz@hao123.com,Female,229.149.251.79
649,Velma,Remmer,vremmeri0@slideshare.net,Female,204.232.224.173
650,Brittni,Rickell,brickelli1@rediff.com,Female,120.161.115.249
651,Marybeth,Bachanski,mbachanskii2@com.com,Female,224.134.124.78
652,Kevin,Lepere,kleperei3@cbsnews.com,Male,35.67.169.153
653,Mack,Reeve,mreevei4@blog.com,Male,196.140.216.49
654,Marcelline,Zebedee,mzebedeei5@admin.ch,Female,183.167.93.130
655,Dionis,Botterman,dbottermani6@xrea.com,Female,48.215.104.250
656,Raynard,Adair,radairi7@a8.net,Male,46.71.227.51
657,Gloriana,Hansard,ghansardi8@ebay.co.uk,Female,53.21.82.83
658,Jackelyn,Odney,jodneyi9@bizjournals.com,Female,152.9.165.253
659,Lorrie,Cyphus,lcyphusia@virginia.edu,Female,240.231.123.27
660,Nicol,Brannigan,nbranniganib@php.net,Male,232.220.19.227
661,Merrill,Franscioni,mfranscioniic@twitpic.com,Male,138.16.21.88
662,Joelynn,Abelovitz,jabelovitzid@bigcartel.com,Female,211.209.136.222
663,Gallagher,Terbrugge,gterbruggeie@angelfire.com,Male,236.253.229.54
664,Sim,Cardow,scardowif@e-recht24.de,Male,96.207.158.119
665,Muhammad,Okenden,mokendenig@soundcloud.com,Male,91.101.16.36
666,Lurette,Blaszczyk,lblaszczykih@typepad.com,Female,82.30.78.167
667,Norby,Sherbrook,nsherbrookii@diigo.com,Male,21.62.64.12
668,Tracy,Chicotti,tchicottiij@odnoklassniki.ru,Female,211.82.107.252
669,Yvon,Danhel,ydanhelik@cpanel.net,Male,58.188.186.14
670,Kriste,Timberlake,ktimberlakeil@imdb.com,Female,42.174.175.198
671,Rae,Duguid,rduguidim@buzzfeed.com,Female,154.39.45.57
672,Leroy,Feeny,lfeenyin@meetup.com,Male,120.230.115.83
673,Rabi,Thomazin,rthomazinio@mozilla.org,Male,1.10.13.38
674,Lianna,Bremmell,lbremmellip@vimeo.com,Female,246.127.178.134
675,Omar,Bravington,obravingtoniq@time.com,Male,198.190.240.106
676,Zenia,Rozec,zrozecir@harvard.edu,Female,197.27.245.191
677,Avictor,Fingleton,afingletonis@opera.com,Male,240.67.90.27
678,Leela,Frostdyke,lfrostdykeit@washington.edu,Female,39.76.220.156
679,Perceval,Bartalot,pbartalotiu@cocolog-nifty.com,Male,44.1.107.28
680,Marcelo,Lockhart,mlockhartiv@tuttocitta.it,Male,180.66.175.139
681,Rupert,Snodin,rsnodiniw@jiathis.com,Male,144.11.168.15
682,Imelda,Heale,ihealeix@4shared.com,Female,182.186.191.96
683,Binni,Crossman,bcrossmaniy@tripadvisor.com,Female,5.117.151.230
684,Easter,Antalffy,eantalffyiz@nature.com,Female,33.229.75.189
685,Jeri,Doldon,jdoldonj0@statcounter.com,Female,216.51.19.44
686,Annelise,Munro,amunroj1@fastcompany.com,Female,106.23.163.243
687,Towney,Denizet,tdenizetj2@jugem.jp,Male,98.72.45.167
688,Brandais,Viccars,bviccarsj3@spiegel.de,Female,216.154.138.11
689,Jayne,Nicholl,jnichollj4@google.ru,Female,163.26.181.212
690,Quinn,Merrett,qmerrettj5@tinypic.com,Male,229.19.70.193
691,Teddy,Kleinstein,tkleinsteinj6@behance.net,Male,140.54.251.6
692,Faina,Oakenfall,foakenfallj7@nydailynews.com,Female,6.132.207.84
693,Edgard,Ryman,erymanj8@howstuffworks.com,Male,103.244.143.80
694,Danie,Eggar,deggarj9@linkedin.com,Male,156.225.124.87
695,Therese,Helian,thelianja@aol.com,Female,186.128.17.156
696,Tripp,Gisbye,tgisbyejb@go.com,Male,83.201.5.217
697,Desmond,Matyushenko,dmatyushenkojc@dagondesign.com,Male,64.196.37.114
698,Griswold,McKie,gmckiejd@nps.gov,Male,61.62.106.34
699,Amelina,Astill,aastillje@skyrock.com,Female,54.156.75.144
700,Annmarie,Devitt,adevittjf@techcrunch.com,Female,55.114.38.35
701,Arleyne,Cheverell,acheverelljg@1688.com,Female,178.229.184.69
702,Halie,Mocquer,hmocquerjh@elpais.com,Female,93.104.116.100
703,Caril,Murricanes,cmurricanesji@jugem.jp,Female,159.200.230.245
704,Thekla,Sheehy,tsheehyjj@google.fr,Female,3.188.204.128
705,Douglas,Hatter,dhatterjk@zimbio.com,Male,243.234.246.106
706,Ursula,Troucher,utroucherjl@tripod.com,Female,226.143.227.19
707,Creigh,Maplesden,cmaplesdenjm@ehow.com,Male,210.71.80.181
708,Jacquenetta,Godrich,jgodrichjn@tinyurl.com,Female,209.156.95.90
709,Sianna,Rookledge,srookledgejo@youtube.com,Female,192.55.145.124
710,Jacklyn,Aylen,jaylenjp@ycombinator.com,Female,221.144.116.195
711,Uriel,Falvey,ufalveyjq@oaic.gov.au,Male,70.250.227.177
712,Merilee,Attenborrow,mattenborrowjr@altervista.org,Female,55.251.32.242
713,Hermann,Chable,hchablejs@ucla.edu,Male,177.200.178.118
714,Corenda,Ewing,cewingjt@merriam-webster.com,Female,219.58.162.187
715,Tina,Whodcoat,twhodcoatju@purevolume.com,Female,145.183.41.254
716,Adey,Lapley,alapleyjv@un.org,Female,84.2.190.160
717,Karla,Walklett,kwalklettjw@europa.eu,Female,208.155.136.198
718,Fredrick,Pfaffel,fpfaffeljx@istockphoto.com,Male,217.245.82.206
719,Kurt,Bliven,kblivenjy@java.com,Male,183.15.99.5
720,Corey,Vodden,cvoddenjz@unc.edu,Male,52.164.253.205
721,Pren,Dursley,pdursleyk0@wordpress.org,Male,77.38.209.241
722,Barnabe,Claibourn,bclaibournk1@hostgator.com,Male,150.53.212.102
723,Auroora,Keedy,akeedyk2@discovery.com,Female,90.185.116.189
724,Jillayne,Melliard,jmelliardk3@home.pl,Female,135.8.214.201
725,Elnore,Portingale,eportingalek4@shop-pro.jp,Female,157.168.7.154
726,Carl,Blanchflower,cblanchflowerk5@narod.ru,Male,209.20.72.194
727,Wallache,Gianni,wgiannik6@vkontakte.ru,Male,197.145.5.33
728,Mia,Brain,mbraink7@stanford.edu,Female,145.97.7.199
729,Benni,Takos,btakosk8@cdbaby.com,Female,65.25.39.135
730,Hephzibah,Waumsley,hwaumsleyk9@blogger.com,Female,217.49.164.132
731,Dorthea,Crosetti,dcrosettika@mtv.com,Female,160.130.66.127
732,Emmett,Joliffe,ejoliffekb@squidoo.com,Male,76.156.233.19
733,Killy,Hildred,khildredkc@uol.com.br,Male,40.224.129.221
734,Ludovika,Biaggelli,lbiaggellikd@ameblo.jp,Female,92.230.198.139
735,Hobart,Utridge,hutridgeke@bandcamp.com,Male,190.3.97.213
736,Reuben,O'Lennane,rolennanekf@kickstarter.com,Male,142.35.73.253
737,Elle,Aleavy,ealeavykg@netscape.com,Female,82.65.211.240
738,Tobe,Predohl,tpredohlkh@last.fm,Male,237.236.21.227
739,Kacey,Rispen,krispenki@sourceforge.net,Female,138.233.133.53
740,Kristen,Twycross,ktwycrosskj@businessinsider.com,Female,228.10.115.65
741,Andrea,Zuanazzi,azuanazzikk@theatlantic.com,Female,14.187.16.82
742,Lacey,Sweetman,lsweetmankl@dell.com,Female,227.50.69.111
743,Herbie,Leadbeater,hleadbeaterkm@techcrunch.com,Male,187.254.97.19
744,Ailsun,Cooke,acookekn@unesco.org,Female,71.221.161.168
745,Brita,Woodburne,bwoodburneko@nationalgeographic.com,Female,97.65.92.9
746,Yvon,O'Kennedy,yokennedykp@yahoo.com,Male,80.203.199.43
747,Duky,Coleman,dcolemankq@amazon.com,Male,201.21.66.22
748,Willi,Gogay,wgogaykr@thetimes.co.uk,Male,121.126.51.229
749,Haywood,Ottewill,hottewillks@sitemeter.com,Male,90.95.183.155
750,Sollie,Cornely,scornelykt@dailymotion.com,Male,135.240.66.166
751,Sophi,Kliesl,sklieslku@nifty.com,Female,187.16.56.41
752,Marlo,Nabarro,mnabarrokv@answers.com,Female,93.72.36.102
753,Joana,Mongenot,jmongenotkw@ebay.co.uk,Female,131.89.151.207
754,Raphael,Gallehock,rgallehockkx@flickr.com,Male,91.107.198.202
755,Vic,Gobat,vgobatky@walmart.com,Male,187.19.10.231
756,Kimball,Hilldrop,khilldropkz@mtv.com,Male,26.199.203.158
757,Alejandrina,Pengelly,apengellyl0@yale.edu,Female,88.102.135.21
758,Sam,Couthard,scouthardl1@geocities.com,Female,66.196.202.90
759,Dena,Rozec,drozecl2@reuters.com,Female,228.216.232.76
760,Yorker,Saller,ysallerl3@unc.edu,Male,160.161.193.151
761,Pauline,Lokier,plokierl4@shinystat.com,Female,61.20.143.102
762,Ros,Essex,ressexl5@ustream.tv,Female,127.212.208.70
763,Wenda,Alvy,walvyl6@princeton.edu,Female,82.9.155.74
764,Sheelagh,Lassey,slasseyl7@answers.com,Female,29.87.218.38
765,Nina,Ixor,nixorl8@nih.gov,Female,116.112.67.160
766,Barth,Mallows,bmallowsl9@oakley.com,Male,186.0.93.35
767,Cissiee,Boulter,cboulterla@de.vu,Female,131.156.170.103
768,Lorna,Hansbury,lhansburylb@nba.com,Female,161.148.130.118
769,Becky,Chitham,bchithamlc@nih.gov,Female,58.90.138.230
770,Harold,Luckwell,hluckwellld@amazon.co.uk,Male,130.161.38.11
771,Tobi,Dancey,tdanceyle@mail.ru,Female,138.74.146.125
772,Daphene,Cords,dcordslf@ning.com,Female,183.189.144.147
773,Griselda,Eixenberger,geixenbergerlg@bigcartel.com,Female,205.4.46.114
774,Jayne,Andreopolos,jandreopoloslh@abc.net.au,Female,168.198.143.202
775,Hernando,Crosfield,hcrosfieldli@blinklist.com,Male,52.56.88.101
776,Hallie,Shenfish,hshenfishlj@qq.com,Female,7.249.159.82
777,Kiri,O'Halleghane,kohalleghanelk@independent.co.uk,Female,102.157.201.128
778,Rockie,Dicty,rdictyll@youtube.com,Male,68.169.255.75
779,Ludovico,Jahnel,ljahnellm@sbwire.com,Male,219.95.182.248
780,Bernadine,Malby,bmalbyln@google.com,Female,224.110.8.41
781,Pearla,Deverall,pdeveralllo@zdnet.com,Female,12.166.180.182
782,Elizabeth,Jouanot,ejouanotlp@dedecms.com,Female,85.201.240.190
783,Zandra,Chalder,zchalderlq@berkeley.edu,Female,38.172.191.53
784,Sarena,Gabb,sgabblr@sina.com.cn,Female,191.110.176.251
785,Reta,Marzele,rmarzelels@tumblr.com,Female,114.154.131.12
786,Pearla,Wiggett,pwiggettlt@disqus.com,Female,17.197.80.59
787,Odelle,Durnan,odurnanlu@eventbrite.com,Female,154.95.230.237
788,Pia,Elliott,pelliottlv@webs.com,Female,89.7.234.132
789,Toddie,Eades,teadeslw@bluehost.com,Male,246.161.90.234
790,Swen,Jesson,sjessonlx@discuz.net,Male,174.18.138.40
791,Hannah,Scobbie,hscobbiely@home.pl,Female,85.201.238.9
792,Glennie,Bettinson,gbettinsonlz@joomla.org,Female,246.176.61.94
793,Chanda,Giffard,cgiffardm0@hexun.com,Female,202.46.34.91
794,Ottilie,Lamonby,olamonbym1@privacy.gov.au,Female,100.14.129.12
795,Adel,Matias,amatiasm2@angelfire.com,Female,184.73.242.112
796,Dorthea,Oolahan,doolahanm3@cisco.com,Female,75.97.199.216
797,Husein,Bille,hbillem4@mit.edu,Male,136.76.15.140
798,Leif,Danick,ldanickm5@histats.com,Male,75.34.15.226
799,Wally,Guisby,wguisbym6@redcross.org,Female,107.167.95.110
800,Ario,Mullender,amullenderm7@europa.eu,Male,3.44.149.81
801,Rodolfo,Seabrook,rseabrookm8@noaa.gov,Male,202.163.79.78
802,Maisey,Hamley,mhamleym9@zdnet.com,Female,80.34.226.33
803,Asia,Buggy,abuggyma@amazonaws.com,Female,106.103.247.58
804,Alick,Rushe,arushemb@flavors.me,Male,55.129.180.240
805,Luce,Longland,llonglandmc@unesco.org,Male,71.103.235.110
806,Mathilde,Donnell,mdonnellmd@adobe.com,Female,240.223.171.41
807,Sayre,Pechacek,spechacekme@google.co.jp,Female,38.201.70.29
808,Harriot,Faulo,hfaulomf@prnewswire.com,Female,144.92.23.50
809,Thorn,Reuble,treublemg@state.gov,Male,56.188.9.190
810,Melessa,Barosch,mbaroschmh@livejournal.com,Female,39.62.15.106
811,Edwin,Scanlon,escanlonmi@engadget.com,Male,140.213.96.3
812,Abdel,Siderfin,asiderfinmj@odnoklassniki.ru,Male,27.240.30.86
813,Daryle,Scrivin,dscrivinmk@va.gov,Male,103.112.2.101
814,Seamus,Dignon,sdignonml@sogou.com,Male,62.232.65.39
815,Byran,Baly,bbalymm@newyorker.com,Male,144.56.226.124
816,Saxon,Lowth,slowthmn@alexa.com,Male,216.227.151.180
817,Savina,Coombes,scoombesmo@imdb.com,Female,95.197.182.147
818,Phaedra,Scolding,pscoldingmp@storify.com,Female,16.22.194.219
819,Brett,Stilly,bstillymq@hao123.com,Male,88.37.14.155
820,Lela,Arbor,larbormr@toplist.cz,Female,248.154.14.198
821,Luther,Theodoris,ltheodorisms@weibo.com,Male,2.226.119.64
822,Durand,Philot,dphilotmt@booking.com,Male,100.146.199.246
823,Riannon,Longshaw,rlongshawmu@state.tx.us,Female,146.197.214.231
824,Scarlett,Funnell,sfunnellmv@springer.com,Female,163.9.138.184
825,Darbie,Rodman,drodmanmw@pen.io,Female,45.177.72.76
826,Dreddy,Jilliss,djillissmx@qq.com,Female,127.218.52.155
827,Piotr,Govett,pgovettmy@unblog.fr,Male,7.114.171.35
828,Eleonore,Tonkes,etonkesmz@alibaba.com,Female,224.235.133.124
829,Ferdy,Fellis,ffellisn0@wikia.com,Male,36.249.46.66
830,Caitrin,Lorraine,clorrainen1@123-reg.co.uk,Female,3.250.117.240
831,Lorry,Barbary,lbarbaryn2@usda.gov,Male,69.64.61.61
832,Kaylee,Melmore,kmelmoren3@craigslist.org,Female,152.52.219.144
833,Eugenius,Stoller,estollern4@php.net,Male,44.81.226.245
834,Kimmie,Druitt,kdruittn5@phoca.cz,Female,7.245.71.122
835,Brion,Assandri,bassandrin6@feedburner.com,Male,212.200.58.174
836,Niki,Pedycan,npedycann7@craigslist.org,Male,193.186.101.29
837,Shoshana,Le Fleming,sleflemingn8@weather.com,Female,189.220.227.208
838,Paulo,Junifer,pjunifern9@ox.ac.uk,Male,188.73.92.16
839,Harrison,Buten,hbutenna@plala.or.jp,Male,13.47.152.222
840,Jeni,Poile,jpoilenb@addthis.com,Female,241.28.33.174
841,Ingamar,Coppock.,icoppocknc@state.tx.us,Male,211.49.140.153
842,Saleem,Perks,sperksnd@globo.com,Male,168.219.155.144
843,Priscella,Kesley,pkesleyne@twitter.com,Female,107.152.99.183
844,Cilka,Padefield,cpadefieldnf@ucoz.com,Female,37.11.234.117
845,Chandal,Wallbutton,cwallbuttonng@odnoklassniki.ru,Female,123.189.6.127
846,Dana,Valerio,dvalerionh@cbslocal.com,Male,241.19.254.56
847,Britni,Rottgers,brottgersni@patch.com,Female,195.20.202.166
848,Brina,Oxberry,boxberrynj@odnoklassniki.ru,Female,38.164.249.25
849,Cinderella,Ledner,clednernk@tmall.com,Female,237.109.55.96
850,See,Reskelly,sreskellynl@tumblr.com,Male,125.149.208.18
851,Berget,Pilch,bpilchnm@clickbank.net,Female,6.30.43.184
852,Forrest,McOrkill,fmcorkillnn@zdnet.com,Male,172.160.24.136
853,Kendrick,Gobert,kgobertno@uol.com.br,Male,227.187.75.166
854,Johna,Philipps,jphilippsnp@moonfruit.com,Female,67.221.48.226
855,Joana,Labon,jlabonnq@edublogs.org,Female,233.223.144.131
856,Jewell,Fowler,jfowlernr@google.de,Female,252.241.100.79
857,Murielle,Tarbin,mtarbinns@zimbio.com,Female,70.132.242.200
858,Sunny,Dionisetto,sdionisettont@addtoany.com,Female,55.220.86.193
859,Marge,Craister,mcraisternu@admin.ch,Female,48.19.149.69
860,Torey,Caudle,tcaudlenv@freewebs.com,Female,197.84.183.147
861,Thor,Rawll,trawllnw@cargocollective.com,Male,21.105.5.172
862,Murvyn,Hudless,mhudlessnx@pen.io,Male,75.140.163.139
863,Ker,Cunah,kcunahny@utexas.edu,Male,45.85.12.77
864,Pauli,Toyne,ptoynenz@geocities.com,Female,193.28.183.236
865,Hallsy,Chinnock,hchinnocko0@archive.org,Male,56.63.248.100
866,Dalis,Ferneyhough,dferneyhougho1@hubpages.com,Male,53.70.176.162
867,Zak,Codron,zcodrono2@simplemachines.org,Male,129.19.211.65
868,Fayre,Londer,flondero3@mlb.com,Female,111.175.107.224
869,Gaynor,Birtles,gbirtleso4@eventbrite.com,Female,234.172.240.76
870,Euphemia,Aveyard,eaveyardo5@pagesperso-orange.fr,Female,102.39.146.203
871,Gloriane,Slany,gslanyo6@nasa.gov,Female,18.203.33.240
872,Odessa,Rushby,orushbyo7@yelp.com,Female,45.197.35.64
873,Lulita,Gouda,lgoudao8@cpanel.net,Female,24.63.140.136
874,Artie,Zimmermeister,azimmermeistero9@ask.com,Male,203.27.200.118
875,Poul,Hewkin,phewkinoa@elegantthemes.com,Male,42.194.105.66
876,Kaleb,Rogez,krogezob@wufoo.com,Male,185.32.104.241
877,Kattie,Lomax,klomaxoc@cloudflare.com,Female,42.47.171.116
878,Rosalynd,Koomar,rkoomarod@nps.gov,Female,46.96.6.249
879,Dayna,Keenleyside,dkeenleysideoe@about.com,Female,229.53.131.165
880,Amalee,Jendrich,ajendrichof@huffingtonpost.com,Female,152.67.148.204
881,Vevay,Liddicoat,vliddicoatog@over-blog.com,Female,7.170.213.238
882,Laural,Atty,lattyoh@fda.gov,Female,31.232.92.127
883,Maurise,Heads,mheadsoi@nbcnews.com,Female,168.37.136.212
884,Nyssa,MacAskie,nmacaskieoj@zimbio.com,Female,217.3.150.114
885,Erwin,Swetman,eswetmanok@amazon.com,Male,239.228.36.172
886,Vannie,Verner,vvernerol@hp.com,Female,109.122.230.235
887,Karlee,Casperri,kcasperriom@123-reg.co.uk,Female,18.19.123.134
888,Eb,Syrie,esyrieon@gov.uk,Male,152.131.172.174
889,Les,Larcier,llarcieroo@prweb.com,Male,144.132.24.134
890,Adina,Bartelet,abarteletop@smugmug.com,Female,206.138.199.20
891,Eric,Abramsky,eabramskyoq@issuu.com,Male,211.76.245.86
892,Mauricio,Wesker,mweskeror@shutterfly.com,Male,65.154.59.111
893,Heinrik,Rixon,hrixonos@quantcast.com,Male,250.41.7.99
894,Delbert,Yarr,dyarrot@miibeian.gov.cn,Male,239.150.162.90
895,Diena,Farndell,dfarndellou@etsy.com,Female,216.164.170.218
896,Reeva,MacIlwrick,rmacilwrickov@last.fm,Female,238.249.250.109
897,Hurlee,Edson,hedsonow@fotki.com,Male,241.85.135.171
898,Dud,Proud,dproudox@cafepress.com,Male,108.152.63.110
899,Valentine,Harwin,vharwinoy@edublogs.org,Male,125.28.198.242
900,Othelia,Nason,onasonoz@plala.or.jp,Female,4.49.187.122
901,Elvina,Shortall,eshortallp0@mtv.com,Female,195.96.249.227
902,Rowney,Carvill,rcarvillp1@stanford.edu,Male,244.209.171.238
903,Ingmar,Perryn,iperrynp2@addthis.com,Male,163.231.158.4
904,Nessie,Leverington,nleveringtonp3@merriam-webster.com,Female,92.51.62.161
905,Mercie,Redgate,mredgatep4@pbs.org,Female,109.151.239.171
906,Isidora,Riddles,iriddlesp5@rambler.ru,Female,87.231.43.143
907,Nina,McGinny,nmcginnyp6@twitter.com,Female,31.54.204.200
908,Bradford,MacKenney,bmackenneyp7@noaa.gov,Male,153.164.108.140
909,Marrissa,Perigeaux,mperigeauxp8@hostgator.com,Female,218.115.30.150
910,Kellsie,Dillow,kdillowp9@slate.com,Female,196.33.53.79
911,Rafferty,De Blasiis,rdeblasiispa@youtube.com,Male,4.47.213.19
912,Flory,Clover,fcloverpb@sourceforge.net,Male,37.246.122.81
913,Darlene,Gentile,dgentilepc@printfriendly.com,Female,104.141.34.29
914,Beverlee,McAnellye,bmcanellyepd@apple.com,Female,79.172.136.248
915,Cathe,Denyagin,cdenyaginpe@123-reg.co.uk,Female,137.61.107.102
916,Allsun,Bennett,abennettpf@nifty.com,Female,87.110.59.114
917,Theresina,Gilchrest,tgilchrestpg@360.cn,Female,195.26.122.47
918,Bernice,Sawer,bsawerph@timesonline.co.uk,Female,25.156.14.220
919,Pall,McCarroll,pmccarrollpi@va.gov,Male,175.15.50.93
920,Ferd,Budgeon,fbudgeonpj@irs.gov,Male,46.40.98.157
921,Cletis,Whiffen,cwhiffenpk@china.com.cn,Male,60.214.179.162
922,Lucretia,Eagar,leagarpl@si.edu,Female,18.174.14.69
923,Pauli,Euler,peulerpm@ustream.tv,Female,212.43.226.7
924,Sophia,Mason,smasonpn@biblegateway.com,Female,67.224.212.164
925,Milt,Hulett,mhulettpo@merriam-webster.com,Male,193.121.105.167
926,Sadella,Critcher,scritcherpp@xrea.com,Female,76.13.133.32
927,Garek,Cantopher,gcantopherpq@washington.edu,Male,165.216.37.227
928,Waite,Jex,wjexpr@google.cn,Male,79.132.111.43
929,Olav,Dukelow,odukelowps@nifty.com,Male,157.178.131.57
930,Maurene,Marshland,mmarshlandpt@last.fm,Female,33.18.228.231
931,Gabe,Klain,gklainpu@artisteer.com,Male,26.155.1.66
932,Keri,Dodgson,kdodgsonpv@ucoz.ru,Female,205.228.9.226
933,Tabby,Miranda,tmirandapw@ucoz.com,Female,245.143.242.18
934,Hall,Gregson,hgregsonpx@time.com,Male,187.52.219.147
935,Boris,Richemond,brichemondpy@slideshare.net,Male,6.32.169.158
936,Fabio,Lipyeat,flipyeatpz@shop-pro.jp,Male,132.152.128.118
937,Neile,Leith,nleithq0@slashdot.org,Female,164.58.30.138
938,Dominique,Nissle,dnissleq1@moonfruit.com,Male,193.196.232.207
939,Dusty,Stucksbury,dstucksburyq2@blogs.com,Female,42.13.193.249
940,Trip,Avent,taventq3@ucoz.ru,Male,164.101.242.47
941,Robbie,Volage,rvolageq4@livejournal.com,Male,211.81.77.135
942,Erin,Antonucci,eantonucciq5@google.co.jp,Male,144.168.8.103
943,Richart,Larderot,rlarderotq6@cnn.com,Male,231.177.160.72
944,Sheila,Comelli,scomelliq7@angelfire.com,Female,196.194.54.39
945,Becca,Petrushkevich,bpetrushkevichq8@wordpress.org,Female,136.75.194.106
946,Pearline,Masdin,pmasdinq9@cbslocal.com,Female,14.110.167.249
947,Monica,Eagleton,meagletonqa@webnode.com,Female,130.183.239.240
948,Danella,Tregunna,dtregunnaqb@irs.gov,Female,137.31.172.251
949,Immanuel,Lettley,ilettleyqc@stanford.edu,Male,105.5.230.57
950,Myrtie,Whitebread,mwhitebreadqd@google.de,Female,96.14.208.159
951,Zacharie,Thresh,zthreshqe@bbb.org,Male,131.248.168.230
952,Julian,Dicks,jdicksqf@yellowpages.com,Male,73.248.229.123
953,Gertrud,Canty,gcantyqg@soundcloud.com,Female,252.166.13.104
954,Ricky,McCaghan,rmccaghanqh@csmonitor.com,Male,84.68.11.0
955,Obediah,Riccardo,oriccardoqi@google.es,Male,17.65.220.211
956,Melosa,Andrew,mandrewqj@a8.net,Female,143.217.110.133
957,Jennette,Moylane,jmoylaneqk@latimes.com,Female,158.215.67.249
958,Giovanna,Dudill,gdudillql@nbcnews.com,Female,7.18.65.235
959,Ruby,Vuitte,rvuitteqm@businessweek.com,Male,31.96.200.51
960,Carlynne,Trammel,ctrammelqn@cnbc.com,Female,249.0.219.106
961,Leonore,Cumpton,lcumptonqo@tripadvisor.com,Female,168.190.239.97
962,Willis,Gudger,wgudgerqp@admin.ch,Male,1.22.215.8
963,Veronike,Meffan,vmeffanqq@usnews.com,Female,254.229.237.99
964,Fairfax,Edlin,fedlinqr@clickbank.net,Male,253.147.130.177
965,Stuart,Zupa,szupaqs@alibaba.com,Male,243.154.63.168
966,Judas,Goburn,jgoburnqt@unesco.org,Male,235.138.78.1
967,Bobine,Tween,btweenqu@clickbank.net,Female,102.109.53.18
968,Bryce,Egle of Germany,begleofgermanyqv@theatlantic.com,Male,194.243.235.77
969,Alberto,Derl,aderlqw@mediafire.com,Male,194.154.29.66
970,Gordy,Sprowles,gsprowlesqx@oracle.com,Male,19.84.154.114
971,Lyssa,Bradder,lbradderqy@yahoo.co.jp,Female,73.61.60.155
972,Jae,Thurgood,jthurgoodqz@gmpg.org,Male,250.167.73.180
973,Yelena,Titchard,ytitchardr0@mozilla.com,Female,127.43.219.73
974,Luz,Dupree,ldupreer1@friendfeed.com,Female,28.191.145.77
975,Oralla,Jirzik,ojirzikr2@mapquest.com,Female,107.172.244.222
976,Elle,Wooller,ewoollerr3@java.com,Female,3.3.228.103
977,Nerissa,Hoyte,nhoyter4@utexas.edu,Female,129.255.223.223
978,Hamlin,Cope,hcoper5@blog.com,Male,228.209.243.147
979,Hewet,Anstead,hansteadr6@pagesperso-orange.fr,Male,87.39.205.15
980,Francesca,Bes,fbesr7@mapquest.com,Female,119.220.255.59
981,Bennie,Kittoe,bkittoer8@nymag.com,Male,91.1.70.169
982,Mariana,Lepper,mlepperr9@infoseek.co.jp,Female,80.232.139.254
983,Ari,Baldi,abaldira@hubpages.com,Male,35.50.28.142
984,Codi,Brason,cbrasonrb@mysql.com,Male,156.253.198.232
985,Kalvin,Ronan,kronanrc@ca.gov,Male,245.181.163.131
986,Ealasaid,De Benedetti,edebenedettird@ox.ac.uk,Female,221.171.177.73
987,Morganne,Duplain,mduplainre@fc2.com,Female,106.40.125.124
988,Cliff,Doles,cdolesrf@vinaora.com,Male,180.27.48.187
989,Moise,Ledner,mlednerrg@youtu.be,Male,101.101.91.59
990,Chan,Ahmad,cahmadrh@sfgate.com,Male,139.128.94.67
991,Karlis,Tissington,ktissingtonri@go.com,Male,89.107.201.175
992,Sandor,Windmill,swindmillrj@icq.com,Male,8.30.106.76
993,Haywood,Kiezler,hkiezlerrk@businessweek.com,Male,206.106.31.160
994,Shalna,Cargo,scargorl@nbcnews.com,Female,92.117.157.144
995,Sullivan,Simonsen,ssimonsenrm@google.com,Male,190.89.244.168
996,Cindelyn,Mensler,cmenslerrn@nydailynews.com,Female,29.94.132.236
997,Kurtis,Toogood,ktoogoodro@elegantthemes.com,Male,164.214.124.128
998,Debee,Stoneley,dstoneleyrp@usgs.gov,Female,76.112.85.45
999,Elana,Bouch,ebouchrq@constantcontact.com,Female,81.217.18.15
1000,Francesco,Potier,fpotierrr@mediafire.com,Male,18.244.66.134
